<?xml version="1.0" encoding="UTF-8"?>
<rss version="2.0" xmlns:ror="http://rorweb.com/0.1/" >
<channel>
  <title>ROR Sitemap for https://robindev98.github.io/</title>
  <link>https://robindev98.github.io/</link>

<item>
     <link>https://robindev98.github.io/</link>
     <title>La chouette agence</title>
     <description>La chouette agence</description>
     <ror:updatePeriod></ror:updatePeriod>
     <ror:sortOrder>0</ror:sortOrder>
     <ror:resourceOf>sitemap</ror:resourceOf>
</item>
<item>
     <link>https://robindev98.github.io/index.html</link>
     <title>La chouette agence</title>
     <description>La chouette agence</description>
     <ror:updatePeriod></ror:updatePeriod>
     <ror:sortOrder>1</ror:sortOrder>
     <ror:resourceOf>sitemap</ror:resourceOf>
</item>
<item>
     <link>https://robindev98.github.io/page2.html</link>
     <title>Contactez-nous</title>
     <description>Contactez-nous</description>
     <ror:updatePeriod></ror:updatePeriod>
     <ror:sortOrder>1</ror:sortOrder>
     <ror:resourceOf>sitemap</ror:resourceOf>
</item>
</channel>
</rss>
  